id;start_date;end_date;language
1;2024-03-08T03:50:53;2024-03-08T05:45:59;ENGLISH
2;2024-03-07T20:10:00;2024-03-07T14:42:15;ENGLISH
3;2024-03-07T22:38:03;2024-03-07T22:00:10;ENGLISH
4;2024-03-08T07:03:37;2024-03-08T03:51:15;ENGLISH
5;2024-03-08T08:23:52;2024-03-07T21:37:03;SPANISH
6;2024-03-08T01:29:07;2024-03-07T20:03:48;SPANISH
7;2024-03-08T05:51:03;2024-03-07T21:57:38;SPANISH
8;2024-03-07T23:06:34;2024-03-08T00:09:32;SPANISH
9;2024-03-08T02:32:53;2024-03-08T00:04:48;ENGLISH
10;2024-03-07T20:59:42;2024-03-08T09:45:41;ENGLISH
